시간,심볼,유형,방향,가격,수량,수익(USDT),수익률(%),레버리지,주문ID
2026-05-19 22:33:43,HYPE/USDT:USDT,청산,sell,48.19,10.0,0.6,12.45,10,ID_3580097605947039744
2026-05-19 22:36:25,BTC/USDT:USDT,진입,buy,76998.9,0.01,0.0,0.0,10,ID_3580103049784532992
2026-05-19 22:36:25,BTC/USDT:USDT,진입,buy,76998.9,0.05,0.0,0.0,10,ID_3580103049784532992
2026-05-19 22:45:21,EDEN/USDT:USDT,진입,buy,0.06357,80.0,0.0,0.0,10,ID_3580121029423603714
2026-05-19 22:45:21,EDEN/USDT:USDT,진입,buy,0.06357,706.0,0.0,0.0,10,ID_3580121029423603714
2026-05-19 22:46:58,NVDA/USDT:USDT,청산,sell,220.46,0.05,-0.0945,-8.57,10,ID_3580124289471553540
2026-05-19 22:46:58,NVDA/USDT:USDT,청산,sell,220.46,0.17,-0.3213,-8.57,10,ID_3580124289471553540
2026-05-19 22:48:31,EDEN/USDT:USDT,청산,sell,0.06303,773.0,-0.4174,-8.57,10,ID_3580127432045436928
2026-05-19 22:48:31,EDEN/USDT:USDT,청산,sell,0.06302,13.0,-0.0072,-8.73,10,ID_3580127432045436928
2026-05-19 22:51:49,COIN/USDT:USDT,진입,buy,189.96,0.2,0.0,0.0,10,ID_3580134046563508224
2026-05-19 22:51:49,COIN/USDT:USDT,진입,buy,189.98,0.06,0.0,0.0,10,ID_3580134046563508224
2026-05-19 22:52:42,CORE/USDT:USDT,진입,buy,0.03621,943.0,0.0,0.0,10,ID_3580135831726399488
2026-05-19 22:52:42,CORE/USDT:USDT,진입,buy,0.03621,438.0,0.0,0.0,10,ID_3580135831726399488
2026-05-19 23:00:18,NVDA/USDT:USDT,진입,sell,220.72,0.22,0.0,0.0,10,ID_3580151156169711616
2026-05-19 23:02:19,CORE/USDT:USDT,청산,sell,0.03589,345.0,-0.1104,-8.92,10,ID_3580155215115132928
2026-05-19 23:02:19,CORE/USDT:USDT,청산,sell,0.03589,1.0,-0.0003,-8.92,10,ID_3580155215115132928
2026-05-19 23:02:19,CORE/USDT:USDT,청산,sell,0.03589,144.0,-0.0461,-8.92,10,ID_3580155215115132928
2026-05-19 23:02:19,CORE/USDT:USDT,청산,sell,0.03589,10.0,-0.0032,-8.92,10,ID_3580155215115132928
2026-05-19 23:02:19,CORE/USDT:USDT,청산,sell,0.03589,24.0,-0.0077,-8.92,10,ID_3580155215115132928
2026-05-19 23:02:19,CORE/USDT:USDT,청산,sell,0.03589,2.0,-0.0006,-8.92,10,ID_3580155215115132928
2026-05-19 23:02:19,CORE/USDT:USDT,청산,sell,0.03589,1.0,-0.0003,-8.92,10,ID_3580155215115132928
2026-05-19 23:02:19,CORE/USDT:USDT,청산,sell,0.03589,854.0,-0.2733,-8.92,10,ID_3580155215115132928
2026-05-19 23:02:21,METIS/USDT:USDT,진입,sell,3.401,1.0,0.0,0.0,10,ID_3580155257091727360
2026-05-19 23:02:21,METIS/USDT:USDT,진입,sell,3.4,17.0,0.0,0.0,10,ID_3580155257091727360
2026-05-19 23:02:21,METIS/USDT:USDT,진입,sell,3.4,3.0,0.0,0.0,10,ID_3580155257091727360
2026-05-19 23:02:21,METIS/USDT:USDT,진입,sell,3.4,126.0,0.0,0.0,10,ID_3580155257091727360
2026-05-19 23:14:46,ZRO/USDT:USDT,청산,sell,1.327,4.0,0.004,0.75,10,ID_3580180277356601344
2026-05-19 23:14:46,ZRO/USDT:USDT,청산,sell,1.327,1.0,0.001,0.75,10,ID_3580180277356601344
2026-05-19 23:14:46,ZRO/USDT:USDT,청산,sell,1.327,5.0,0.005,0.75,10,ID_3580180277356601344
2026-05-19 23:14:46,ZRO/USDT:USDT,청산,sell,1.327,25.0,0.025,0.75,10,ID_3580180277356601344
2026-05-19 23:14:46,ZRO/USDT:USDT,청산,sell,1.327,2.0,0.002,0.75,10,ID_3580180277356601344
2026-05-19 23:14:48,LPT/USDT:USDT,진입,sell,2.034,245.0,0.0,0.0,10,ID_3580180336076857344
2026-05-19 23:14:48,COIN/USDT:USDT,청산,sell,188.33,0.26,-0.425,-8.68,10,ID_3580180345371435008
2026-05-19 23:14:59,EDEN/USDT:USDT,진입,buy,0.063,81.0,0.0,0.0,10,ID_3580180701149077504
2026-05-19 23:14:59,EDEN/USDT:USDT,진입,buy,0.06302,81.0,0.0,0.0,10,ID_3580180701149077504
2026-05-19 23:14:59,EDEN/USDT:USDT,진입,buy,0.06302,8.0,0.0,0.0,10,ID_3580180701149077504
2026-05-19 23:14:59,EDEN/USDT:USDT,진입,buy,0.06302,623.0,0.0,0.0,10,ID_3580180701149077504
2026-05-19 23:16:22,EDEN/USDT:USDT,청산,sell,0.06251,793.0,-0.4028,-8.13,10,ID_3580183503380357120
2026-05-19 23:16:30,CRCL/USDT:USDT,진입,sell,110.35,0.4,0.0,0.0,10,ID_3580183763829858304
2026-05-19 23:19:16,BTC/USDT:USDT,청산,sell,76445.4,0.05,-0.2767,-7.24,10,ID_3580189321651757056
2026-05-19 23:19:16,BTC/USDT:USDT,청산,sell,76445.4,0.01,-0.0554,-7.24,10,ID_3580189321651757056
2026-05-19 23:19:18,NMR/USDT:USDT,진입,sell,9.345,1.0,0.0,0.0,10,ID_3580189376647471104
2026-05-19 23:19:18,NMR/USDT:USDT,진입,sell,9.345,6.0,0.0,0.0,10,ID_3580189376647471104
2026-05-19 23:19:18,NMR/USDT:USDT,진입,sell,9.345,46.0,0.0,0.0,10,ID_3580189376647471104
2026-05-19 23:22:38,NVDA/USDT:USDT,청산,buy,218.57,0.22,0.473,9.84,10,ID_3580196104881512449
2026-05-19 23:22:57,EDEN/USDT:USDT,진입,buy,0.06211,804.0,0.0,0.0,10,ID_3580196729530818560
2026-05-19 23:25:40,EDEN/USDT:USDT,청산,sell,0.06161,1.0,-0.0005,-8.12,10,ID_3580202220042526720
2026-05-19 23:25:40,EDEN/USDT:USDT,청산,sell,0.06161,15.0,-0.0075,-8.12,10,ID_3580202220042526720
2026-05-19 23:25:40,EDEN/USDT:USDT,청산,sell,0.06161,401.0,-0.2005,-8.12,10,ID_3580202220042526720
2026-05-19 23:25:40,EDEN/USDT:USDT,청산,sell,0.06161,1.0,-0.0005,-8.12,10,ID_3580202220042526720
2026-05-19 23:25:40,EDEN/USDT:USDT,청산,sell,0.06161,109.0,-0.0545,-8.12,10,ID_3580202220042526720
2026-05-19 23:25:40,EDEN/USDT:USDT,청산,sell,0.06161,12.0,-0.006,-8.12,10,ID_3580202220042526720
2026-05-19 23:25:40,EDEN/USDT:USDT,청산,sell,0.06161,10.0,-0.005,-8.12,10,ID_3580202220042526720
2026-05-19 23:25:40,EDEN/USDT:USDT,청산,sell,0.06161,11.0,-0.0055,-8.12,10,ID_3580202220042526720
2026-05-19 23:25:40,EDEN/USDT:USDT,청산,sell,0.06161,1.0,-0.0005,-8.12,10,ID_3580202220042526720
2026-05-19 23:25:40,EDEN/USDT:USDT,청산,sell,0.06161,1.0,-0.0005,-8.12,10,ID_3580202220042526720
2026-05-19 23:25:40,EDEN/USDT:USDT,청산,sell,0.06161,1.0,-0.0005,-8.12,10,ID_3580202220042526720
2026-05-19 23:25:40,EDEN/USDT:USDT,청산,sell,0.06161,14.0,-0.007,-8.12,10,ID_3580202220042526720
2026-05-19 23:25:40,EDEN/USDT:USDT,청산,sell,0.06161,20.0,-0.01,-8.12,10,ID_3580202220042526720
2026-05-19 23:25:40,EDEN/USDT:USDT,청산,sell,0.06161,82.0,-0.041,-8.12,10,ID_3580202220042526720
2026-05-19 23:25:40,EDEN/USDT:USDT,청산,sell,0.06161,14.0,-0.007,-8.12,10,ID_3580202220042526720
2026-05-19 23:25:40,EDEN/USDT:USDT,청산,sell,0.06161,111.0,-0.0555,-8.12,10,ID_3580202220042526720
2026-05-19 23:26:03,EIGEN/USDT:USDT,진입,sell,0.1862,268.0,0.0,0.0,10,ID_3580202988204138496
2026-05-19 23:28:28,CRCL/USDT:USDT,청산,buy,111.29,0.1,-0.094,-8.45,10,ID_3580207832558149632
2026-05-19 23:28:28,CRCL/USDT:USDT,청산,buy,111.29,0.1,-0.094,-8.45,10,ID_3580207832558149632
2026-05-19 23:28:28,CRCL/USDT:USDT,청산,buy,111.29,0.2,-0.188,-8.45,10,ID_3580207832558149632
2026-05-19 23:28:35,W/USDT:USDT,진입,sell,0.01203,1378.0,0.0,0.0,10,ID_3580208077908156416
2026-05-19 23:28:35,W/USDT:USDT,진입,sell,0.01203,2774.0,0.0,0.0,10,ID_3580208077908156416
2026-05-19 23:48:05,METIS/USDT:USDT,청산,buy,3.36,147.0,0.5881,11.91,10,ID_3580247357330235392
2026-05-19 23:48:06,W/USDT:USDT,청산,buy,0.0119,4152.0,0.5398,10.92,10,ID_3580247388703629312
2026-05-19 23:48:29,COIN/USDT:USDT,진입,sell,189.02,0.26,0.0,0.0,10,ID_3580248130357239811
2026-05-19 23:48:35,EDEN/USDT:USDT,진입,buy,0.06219,773.0,0.0,0.0,10,ID_3580248345139159040
2026-05-19 23:48:35,EDEN/USDT:USDT,진입,buy,0.06219,31.0,0.0,0.0,10,ID_3580248345139159040
2026-05-19 23:54:13,EDEN/USDT:USDT,청산,sell,0.06284,6.0,0.0039,10.34,10,ID_3580259679255863296
2026-05-19 23:54:13,EDEN/USDT:USDT,청산,sell,0.06284,3.0,0.0019,10.34,10,ID_3580259679255863296
2026-05-19 23:54:13,EDEN/USDT:USDT,청산,sell,0.06284,1.0,0.0006,10.34,10,ID_3580259679255863296
2026-05-19 23:54:13,EDEN/USDT:USDT,청산,sell,0.06284,794.0,0.5161,10.34,10,ID_3580259679255863296
2026-05-19 23:54:14,TIA/USDT:USDT,진입,sell,0.3898,128.0,0.0,0.0,10,ID_3580259729017085952
2026-05-19 23:57:07,COIN/USDT:USDT,청산,buy,190.56,0.26,-0.4004,-8.08,10,ID_3580265542926409728
2026-05-19 23:57:45,NMR/USDT:USDT,청산,buy,9.234,53.0,0.5883,12.02,10,ID_3580266796519989248
2026-05-19 23:57:57,EDEN/USDT:USDT,진입,buy,0.064,749.0,0.0,0.0,10,ID_3580267210850115584
2026-05-19 23:57:57,EDEN/USDT:USDT,진입,buy,0.064,32.0,0.0,0.0,10,ID_3580267210850115584
2026-05-19 23:58:01,EDEN/USDT:USDT,청산,sell,0.06473,781.0,0.5701,11.28,10,ID_3580267332317159424
2026-05-19 23:58:11,EDEN/USDT:USDT,진입,buy,0.06572,77.0,0.0,0.0,10,ID_3580267669505646592
2026-05-19 23:58:11,EDEN/USDT:USDT,진입,buy,0.06572,681.0,0.0,0.0,10,ID_3580267669505646592
2026-05-19 23:58:20,EDEN/USDT:USDT,청산,sell,0.06534,758.0,-0.288,-5.82,10,ID_3580267986829910016
2026-05-20 00:00:00,EDEN/USDT:USDT,진입,buy,0.0646,460.0,0.0,0.0,10,ID_3580271331334365184
2026-05-20 00:00:00,EDEN/USDT:USDT,진입,buy,0.06461,313.0,0.0,0.0,10,ID_3580271331334365184
2026-05-20 00:01:03,TIA/USDT:USDT,청산,buy,0.3931,125.0,-0.4125,-8.39,10,ID_3580273430835175424
2026-05-20 00:01:03,TIA/USDT:USDT,청산,buy,0.3931,2.0,-0.0066,-8.39,10,ID_3580273430835175424
2026-05-20 00:01:03,TIA/USDT:USDT,청산,buy,0.3931,1.0,-0.0033,-8.39,10,ID_3580273430835175424
2026-05-20 00:02:06,EDEN/USDT:USDT,청산,sell,0.06408,773.0,-0.4051,-8.18,10,ID_3580275554327404544
2026-05-20 00:05:14,EDEN/USDT:USDT,진입,buy,0.06444,79.0,0.0,0.0,10,ID_3580281856386605056
2026-05-20 00:05:14,EDEN/USDT:USDT,진입,buy,0.06444,477.0,0.0,0.0,10,ID_3580281856386605056
2026-05-20 00:05:14,EDEN/USDT:USDT,진입,buy,0.06445,79.0,0.0,0.0,10,ID_3580281856386605056
2026-05-20 00:05:14,EDEN/USDT:USDT,진입,buy,0.06445,141.0,0.0,0.0,10,ID_3580281856386605056
2026-05-20 00:05:55,EDEN/USDT:USDT,청산,sell,0.06386,776.0,-0.4523,-9.13,10,ID_3580283231380119552
2026-05-20 00:07:40,EDEN/USDT:USDT,진입,buy,0.06394,736.0,0.0,0.0,10,ID_3580286765769105408
2026-05-20 00:07:40,EDEN/USDT:USDT,진입,buy,0.06394,46.0,0.0,0.0,10,ID_3580286765769105408
2026-05-20 00:15:49,EDEN/USDT:USDT,청산,sell,0.0634,782.0,-0.4223,-8.52,10,ID_3580303189220728832
2026-05-21 19:07:59,BTC/USDT:USDT,진입,long,67000.0,0.074627,0,0,10,ID_MOCK-000001
2026-05-21 19:07:59,DOGE/USDT:USDT,진입,long,0.15,3.333333,0,0,10,ID_MOCK-000001
2026-05-21 19:08:01,BTC/USDT:USDT,진입,long,67000.0,0.074627,0,0,10,ID_MOCK-000001
2026-05-21 19:08:01,BTC/USDT:USDT,진입,short,67000.0,0.074627,0,0,10,ID_MOCK-000001
2026-05-21 19:08:01,DOGE/USDT:USDT,청산(로테이션),long,0.13,100.0,-2.0,-133.33,10,ID_ROT-1779358081233
2026-05-21 19:10:00,BTC/USDT:USDT,진입,long,67000.0,0.074627,0,0,10,ID_MOCK-000001
2026-05-21 19:10:00,BTC/USDT:USDT,진입,long,67000.0,0.074627,0,0,10,ID_MOCK-000001
2026-05-21 19:10:01,SOL/USDT:USDT,진입,short,170.0,0.294118,0,0,10,ID_MOCK-000002
2026-05-21 19:10:01,XRP/USDT:USDT,진입,short,0.55,9.090909,0,0,10,ID_MOCK-000003
2026-05-21 19:10:02,BTC/USDT:USDT,진입,long,67000.0,0.074627,0,0,10,ID_MOCK-000001
2026-05-21 19:10:02,BTC/USDT:USDT,진입,short,67000.0,0.074627,0,0,10,ID_MOCK-000001
2026-05-21 19:10:02,DOGE/USDT:USDT,청산(로테이션),long,0.13,100.0,-2.0,-133.33,10,ID_ROT-1779358202635
2026-05-21 19:10:35,BTC/USDT:USDT,진입,long,67000.0,0.074627,0,0,10,ID_MOCK-000001
2026-05-21 19:10:36,DOGE/USDT:USDT,진입,long,0.15,3.333333,0,0,10,ID_MOCK-000001
2026-05-21 19:10:37,BTC/USDT:USDT,진입,long,67000.0,0.074627,0,0,10,ID_MOCK-000001
2026-05-21 19:10:37,BTC/USDT:USDT,진입,short,67000.0,0.074627,0,0,10,ID_MOCK-000001
2026-05-21 19:10:37,DOGE/USDT:USDT,청산(로테이션),long,0.13,100.0,-2.0,-133.33,10,ID_ROT-1779358237815
2026-05-21 19:12:11,BTC/USDT:USDT,진입,long,67000.0,0.074627,0,0,10,ID_MOCK-000001
2026-05-21 19:12:13,BTC/USDT:USDT,진입,long,67000.0,0.074627,0,0,10,ID_MOCK-000001
2026-05-21 19:12:13,BTC/USDT:USDT,진입,short,67000.0,0.074627,0,0,10,ID_MOCK-000001
2026-05-21 19:12:13,DOGE/USDT:USDT,청산(로테이션),long,0.13,100.0,-2.0,-133.33,10,ID_ROT-1779358333911
2026-05-21 19:17:01,BTC/USDT:USDT,진입,long,67000.0,0.037313,0,0,5,ID_MOCK-000001
2026-05-21 19:17:02,SOL/USDT:USDT,진입,short,170.0,0.147059,0,0,5,ID_MOCK-000001
2026-05-21 19:17:03,BTC/USDT:USDT,진입,long,67000.0,0.037313,0,0,5,ID_MOCK-000001
2026-05-21 19:17:03,BTC/USDT:USDT,진입,short,67000.0,0.037313,0,0,5,ID_MOCK-000001
2026-05-21 19:17:03,DOGE/USDT:USDT,청산(로테이션),long,0.13,100.0,-2.0,-66.67,5,ID_ROT-1779358623932
2026-05-21 22:19:06,PUMPBTC/USDT:USDT,진입,short,0.01424,1754.0,0,0,5,ID_664824077
2026-05-21 22:19:25,COOKIE/USDT:USDT,진입,short,0.018,2779.0,0,0,10,ID_1635633607
2026-05-21 22:19:56,SXT/USDT:USDT,진입,short,0.01175,4251.0,0,0,10,ID_717960431
2026-05-21 22:20:10,TOWNS/USDT:USDT,진입,short,0.003454,14471.0,0,0,10,ID_522589893
2026-05-21 22:20:34,STABLE/USDT:USDT,진입,short,0.0348622,716.0,0,0,5,ID_882253948
2026-05-21 22:20:35,VIC/USDT:USDT,진입,long,0.0530249,943.0,0,0,10,ID_564777210
2026-05-21 22:23:06,COOKIE/USDT:USDT,청산,buy,0.01814,2779.0,-0.3891,-7.72,10,ID_1635643458
2026-05-21 22:27:47,BTC/USDT:USDT,진입,long,67000.0,0.037313,0,0,5,ID_MOCK-000001
2026-05-21 22:27:49,BTC/USDT:USDT,진입,long,67000.0,0.037313,0,0,5,ID_MOCK-000001
2026-05-21 22:27:49,BTC/USDT:USDT,진입,short,67000.0,0.037313,0,0,5,ID_MOCK-000001
2026-05-21 22:27:49,DOGE/USDT:USDT,청산(로테이션),long,0.13,100.0,-2.0,-66.67,5,ID_ROT-1779370069627
2026-05-21 22:23:06,COOKIE/USDT:USDT,청산,buy,0.01814,2779.0,-0.3891,-3.86,5,ID_1635643458
2026-05-21 22:23:06,COOKIE/USDT:USDT,청산,buy,0.01814,2779.0,-0.3891,-3.86,5,ID_1635643458
2026-05-21 22:35:22,BTC/USDT:USDT,진입,long,67000.0,0.037313,0,0,5,ID_MOCK-000001
2026-05-21 22:35:23,DOGE/USDT:USDT,진입,long,0.15,1.666667,0,0,5,ID_MOCK-000001
2026-05-21 22:35:23,XRP/USDT:USDT,진입,short,0.55,4.545455,0,0,5,ID_MOCK-000002
2026-05-21 22:35:24,BTC/USDT:USDT,진입,long,67000.0,0.037313,0,0,5,ID_MOCK-000001
2026-05-21 22:35:24,BTC/USDT:USDT,진입,short,67000.0,0.037313,0,0,5,ID_MOCK-000001
2026-05-21 22:35:24,DOGE/USDT:USDT,청산(로테이션),long,0.13,100.0,-2.0,-66.67,5,ID_ROT-1779370524803
2026-05-21 22:36:32,ASR/USDT:USDT,진입,short,1.108,22.5,0,0,5,ID_553649811
2026-05-21 22:36:32,WCT/USDT:USDT,진입,short,0.06434,388.0,0,0,5,ID_2104172573
2026-05-21 22:36:29,STABLE/USDT:USDT,청산,buy,0.0344,716.0,0.3309,6.72,5,ID_882263084
2026-05-21 22:39:27,BTC/USDT:USDT,진입,long,67000.0,0.037313,0,0,5,ID_MOCK-000001
2026-05-21 22:39:27,BTC/USDT:USDT,진입,long,67000.0,0.037313,0,0,5,ID_MOCK-000001
2026-05-21 22:39:28,SOL/USDT:USDT,진입,short,170.0,0.147059,0,0,5,ID_MOCK-000002
2026-05-21 22:39:30,BTC/USDT:USDT,진입,long,67000.0,0.037313,0,0,5,ID_MOCK-000001
2026-05-21 22:39:30,BTC/USDT:USDT,진입,short,67000.0,0.037313,0,0,5,ID_MOCK-000001
2026-05-21 22:39:30,DOGE/USDT:USDT,청산(로테이션),long,0.13,100.0,-2.0,-66.67,5,ID_ROT-1779370770050
2026-05-21 22:36:29,STABLE/USDT:USDT,청산,buy,0.0344,716.0,0.3309,13.44,10,ID_882263084
2026-05-21 22:40:12,BTC/USDT:USDT,진입,long,67000.0,0.037313,0,0,5,ID_MOCK-000001
2026-05-21 22:40:14,BTC/USDT:USDT,진입,long,67000.0,0.037313,0,0,5,ID_MOCK-000001
2026-05-21 22:40:14,BTC/USDT:USDT,진입,short,67000.0,0.037313,0,0,5,ID_MOCK-000001
2026-05-21 22:40:14,DOGE/USDT:USDT,청산(로테이션),long,0.13,100.0,-2.0,-66.67,5,ID_ROT-1779370814398
2026-05-21 22:36:29,STABLE/USDT:USDT,청산,buy,0.0344,716.0,0.3309,6.72,5,ID_882263084
2026-05-21 22:42:20,TOWNS/USDT:USDT,청산,buy,0.003418,14471.0,0.521,5.27,5,ID_522606721
2026-05-21 22:42:20,TOWNS/USDT:USDT,청산,buy,0.003418,14471.0,0.521,10.53,10,ID_522606721
2026-05-21 22:42:20,TOWNS/USDT:USDT,청산,buy,0.003418,14471.0,0.521,5.27,5,ID_522606721
2026-05-21 22:36:29,STABLE/USDT:USDT,청산,buy,0.0344,716.0,0.3309,6.72,5,ID_882263084
2026-05-21 22:42:20,TOWNS/USDT:USDT,청산,buy,0.003418,14471.0,0.521,5.27,5,ID_522606721
2026-05-21 22:47:39,BTC/USDT:USDT,진입,long,67000.0,0.037313,0,0,5,ID_MOCK-000001
2026-05-21 22:47:40,ETH/USDT:USDT,진입,short,3800.0,0.065789,0,0,5,ID_MOCK-000001
2026-05-21 22:47:42,BTC/USDT:USDT,진입,long,67000.0,0.037313,0,0,5,ID_MOCK-000001
2026-05-21 22:47:42,BTC/USDT:USDT,진입,short,67000.0,0.037313,0,0,5,ID_MOCK-000001
2026-05-21 22:47:42,DOGE/USDT:USDT,청산(로테이션),long,0.13,100.0,-2.0,-66.67,5,ID_ROT-1779371262090
2026-05-21 22:48:42,BTC/USDT:USDT,진입,long,67000.0,0.037313,0,0,5,ID_MOCK-000001
2026-05-21 22:48:43,ETH/USDT:USDT,진입,long,3800.0,0.065789,0,0,5,ID_MOCK-000001
2026-05-21 22:48:44,BTC/USDT:USDT,진입,long,67000.0,0.037313,0,0,5,ID_MOCK-000001
2026-05-21 22:48:44,BTC/USDT:USDT,진입,short,67000.0,0.037313,0,0,5,ID_MOCK-000001
2026-05-21 22:48:44,DOGE/USDT:USDT,청산(로테이션),long,0.13,100.0,-2.0,-66.67,5,ID_ROT-1779371324710
2026-05-21 22:42:20,TOWNS/USDT:USDT,청산,buy,0.003418,14471.0,0.521,5.27,5,ID_522606721
2026-05-21 22:52:56,BTC/USDT:USDT,진입,long,67000.0,0.037313,0,0,5,ID_MOCK-000001
2026-05-21 22:52:57,XRP/USDT:USDT,진입,long,0.55,4.545455,0,0,5,ID_MOCK-000001
2026-05-21 22:52:58,BTC/USDT:USDT,진입,long,67000.0,0.037313,0,0,5,ID_MOCK-000001
2026-05-21 22:52:58,BTC/USDT:USDT,진입,short,67000.0,0.037313,0,0,5,ID_MOCK-000001
2026-05-21 22:52:58,DOGE/USDT:USDT,청산(로테이션),long,0.13,100.0,-2.0,-66.67,5,ID_ROT-1779371578232
2026-05-21 22:56:05,BTC/USDT:USDT,진입,long,67000.0,0.037313,0,0,5,ID_MOCK-000001
2026-05-21 22:56:07,XRP/USDT:USDT,진입,short,0.55,4.545455,0,0,5,ID_MOCK-000001
2026-05-21 22:56:08,BTC/USDT:USDT,진입,long,67000.0,0.037313,0,0,5,ID_MOCK-000001
2026-05-21 22:56:08,BTC/USDT:USDT,진입,short,67000.0,0.037313,0,0,5,ID_MOCK-000001
2026-05-21 22:56:08,DOGE/USDT:USDT,청산(로테이션),long,0.13,100.0,-2.0,-66.67,5,ID_ROT-1779371768104
2026-05-21 22:59:42,GENIUS/USDT:USDT,진입,long,0.4366,57.0,0,0,5,ID_220590855
2026-05-21 22:59:43,DYDX/USDT:USDT,진입,long,0.1527,163.7,0,0,5,ID_19714125597
2026-05-21 23:00:53,BTC/USDT:USDT,진입,long,67000.0,0.037313,0,0,5,ID_MOCK-000001
2026-05-21 23:00:55,BTC/USDT:USDT,진입,long,67000.0,0.037313,0,0,5,ID_MOCK-000001
2026-05-21 23:00:55,BTC/USDT:USDT,진입,short,67000.0,0.037313,0,0,5,ID_MOCK-000001
2026-05-21 23:00:55,DOGE/USDT:USDT,청산(로테이션),long,0.13,100.0,-2.0,-66.67,5,ID_ROT-1779372055802
2026-05-21 23:02:41,BTC/USDT:USDT,진입,long,67000.0,0.037313,0,0,5,ID_MOCK-000001
2026-05-21 23:02:41,ETH/USDT:USDT,진입,short,3800.0,0.065789,0,0,5,ID_MOCK-000001
2026-05-21 23:02:43,BTC/USDT:USDT,진입,long,67000.0,0.037313,0,0,5,ID_MOCK-000001
2026-05-21 23:02:43,BTC/USDT:USDT,진입,short,67000.0,0.037313,0,0,5,ID_MOCK-000001
2026-05-21 23:02:43,DOGE/USDT:USDT,청산(로테이션),long,0.13,100.0,-2.0,-66.67,5,ID_ROT-1779372163416
2026-05-21 23:02:51,TST/USDT:USDT,진입,short,0.018381,1358.0,0,0,5,ID_1772669451
2026-05-21 23:03:51,ESP/USDT:USDT,진입,long,0.06754,370.0,0,0,5,ID_560495952
2026-05-21 23:08:36,BTC/USDT:USDT,진입,long,67000.0,0.037313,0,0,5,ID_MOCK-000001
2026-05-21 23:08:38,BTC/USDT:USDT,진입,long,67000.0,0.037313,0,0,5,ID_MOCK-000001
2026-05-21 23:08:38,BTC/USDT:USDT,진입,short,67000.0,0.037313,0,0,5,ID_MOCK-000001
2026-05-21 23:08:38,DOGE/USDT:USDT,청산(로테이션),long,0.13,100.0,-2.0,-66.67,5,ID_ROT-1779372518863
2026-05-21 23:10:15,BTC/USDT:USDT,진입,long,67000.0,0.037313,0,0,5,ID_MOCK-000001
2026-05-21 23:10:16,SOL/USDT:USDT,진입,long,170.0,0.147059,0,0,5,ID_MOCK-000001
2026-05-21 23:10:17,BTC/USDT:USDT,진입,long,67000.0,0.037313,0,0,5,ID_MOCK-000001
2026-05-21 23:10:17,BTC/USDT:USDT,진입,short,67000.0,0.037313,0,0,5,ID_MOCK-000001
2026-05-21 23:10:17,DOGE/USDT:USDT,청산(로테이션),long,0.13,100.0,-2.0,-66.67,5,ID_ROT-1779372617656
2026-05-21 23:11:09,BTC/USDT:USDT,진입,long,67000.0,0.037313,0,0,5,ID_MOCK-000001
2026-05-21 23:11:11,BTC/USDT:USDT,진입,long,67000.0,0.037313,0,0,5,ID_MOCK-000001
2026-05-21 23:11:11,BTC/USDT:USDT,진입,short,67000.0,0.037313,0,0,5,ID_MOCK-000001
2026-05-21 23:11:11,DOGE/USDT:USDT,청산(로테이션),long,0.13,100.0,-2.0,-66.67,5,ID_ROT-1779372671800
2026-05-21 23:12:13,BTC/USDT:USDT,진입,long,67000.0,0.037313,0,0,5,ID_MOCK-000001
2026-05-21 23:12:15,BTC/USDT:USDT,진입,long,67000.0,0.037313,0,0,5,ID_MOCK-000001
2026-05-21 23:12:15,BTC/USDT:USDT,진입,short,67000.0,0.037313,0,0,5,ID_MOCK-000001
2026-05-21 23:12:15,DOGE/USDT:USDT,청산(로테이션),long,0.13,100.0,-2.0,-66.67,5,ID_ROT-1779372735402
2026-05-21 23:14:04,BTC/USDT:USDT,진입,long,67000.0,0.037313,0,0,5,ID_MOCK-000001
2026-05-21 23:14:06,BTC/USDT:USDT,진입,long,67000.0,0.037313,0,0,5,ID_MOCK-000001
2026-05-21 23:14:06,BTC/USDT:USDT,진입,short,67000.0,0.037313,0,0,5,ID_MOCK-000001
2026-05-21 23:14:06,DOGE/USDT:USDT,청산(로테이션),long,0.13,100.0,-2.0,-66.67,5,ID_ROT-1779372846163
2026-05-21 23:14:20,BTC/USDT:USDT,진입,long,67000.0,0.037313,0,0,5,ID_MOCK-000001
2026-05-21 23:14:21,SOL/USDT:USDT,진입,long,170.0,0.147059,0,0,5,ID_MOCK-000001
2026-05-21 23:14:22,BTC/USDT:USDT,진입,long,67000.0,0.037313,0,0,5,ID_MOCK-000001
2026-05-21 23:14:22,BTC/USDT:USDT,진입,short,67000.0,0.037313,0,0,5,ID_MOCK-000001
2026-05-21 23:14:22,DOGE/USDT:USDT,청산(로테이션),long,0.13,100.0,-2.0,-66.67,5,ID_ROT-1779372862457
2026-05-21 23:14:42,BTC/USDT:USDT,진입,long,67000.0,0.037313,0,0,5,ID_MOCK-000001
2026-05-21 23:14:44,BTC/USDT:USDT,진입,long,67000.0,0.037313,0,0,5,ID_MOCK-000001
2026-05-21 23:14:44,BTC/USDT:USDT,진입,short,67000.0,0.037313,0,0,5,ID_MOCK-000001
2026-05-21 23:14:44,DOGE/USDT:USDT,청산(로테이션),long,0.13,100.0,-2.0,-66.67,5,ID_ROT-1779372884730
2026-05-21 23:16:38,BTC/USDT:USDT,진입,long,67000.0,0.037313,0,0,5,ID_MOCK-000001
2026-05-21 23:16:39,ETH/USDT:USDT,진입,long,3800.0,0.065789,0,0,5,ID_MOCK-000001
2026-05-21 23:16:40,BTC/USDT:USDT,진입,long,67000.0,0.037313,0,0,5,ID_MOCK-000001
2026-05-21 23:16:40,BTC/USDT:USDT,진입,short,67000.0,0.037313,0,0,5,ID_MOCK-000001
2026-05-21 23:16:40,DOGE/USDT:USDT,청산(로테이션),long,0.13,100.0,-2.0,-66.67,5,ID_ROT-1779373000582
2026-05-21 23:19:44,BTC/USDT:USDT,진입,long,67000.0,0.037313,0,0,5,ID_MOCK-000001
2026-05-21 23:19:45,ETH/USDT:USDT,진입,short,3800.0,0.065789,0,0,5,ID_MOCK-000001
2026-05-21 23:19:46,BTC/USDT:USDT,진입,long,67000.0,0.037313,0,0,5,ID_MOCK-000001
2026-05-21 23:19:46,BTC/USDT:USDT,진입,short,67000.0,0.037313,0,0,5,ID_MOCK-000001
2026-05-21 23:19:46,DOGE/USDT:USDT,청산(로테이션),long,0.13,100.0,-2.0,-66.67,5,ID_ROT-1779373186758
2026-05-21 23:21:39,AT/USDT:USDT,진입,long,0.12907,193.0,0,0,5,ID_755095471
2026-05-21 23:28:32,CGPT/USDT:USDT,진입,short,0.02533,986.0,0,0,5,ID_1351067894
2026-05-21 23:49:43,BARD/USDT:USDT,진입,short,0.2243,111.0,0,0,5,ID_1153758273
2026-05-21 23:50:07,JASMY/USDT:USDT,진입,short,0.005633,8866.0,0,0,10,ID_8735425986
2026-05-22 00:14:43,ASR/USDT:USDT,청산(로테이션),short,1.11492389,22.5,-0.1558,-3.12,,ID_ROT-1779376481919
2026-05-22 00:17:03,OG/USDT:USDT,진입,short,3.155,15.8,0,0,10,ID_991925959
2026-05-22 00:19:16,BERA/USDT:USDT,진입,long,0.3895519,115.5,0,0,9,ID_3573763038
2026-05-22 00:24:59,STEEM/USDT:USDT,진입,long,0.05365,466.0,0,0,5,ID_2247129211
2026-05-22 00:34:05,ARPA/USDT:USDT,진입,short,0.01178,3820.0,0,0,9,ID_4801394498
2026-05-22 00:44:52,PUMPBTC/USDT:USDT,청산(로테이션),short,0.01426,1754.0,-0.0351,-0.7,,ID_ROT-1779378291362
2026-05-22 00:53:28,CVX/USDT:USDT,진입,long,1.685,14.8,0,0,5,ID_330387750
2026-05-22 00:58:48,CGPT/USDT:USDT,청산(로테이션),short,0.02549642,986.0,-0.1641,-3.29,,ID_ROT-1779379126727
2026-05-22 01:00:11,VIC/USDT:USDT,진입,long,0.05272,474.0,0,0,5,ID_564944055
2026-05-22 01:09:14,IOTA/USDT:USDT,진입,long,0.0569,440.1,0,0,5,ID_9656270566
2026-05-22 01:16:42,LAB/USDT:USDT,진입,short,4.4653,5.0,0,0,5,ID_2860696788
2026-05-22 01:24:34,ESP/USDT:USDT,청산(로테이션),long,0.06728,370.0,-0.0962,-1.92,,ID_ROT-1779380672883
2026-05-22 01:34:33,TIA/USDT:USDT,진입,long,0.4103,60.0,0,0,5,ID_17692430071
2026-05-22 01:38:31,AIO/USDT:USDT,진입,short,0.0980835,254.0,0,0,5,ID_652737711
2026-05-22 01:56:15,STEEM/USDT:USDT,청산(로테이션),long,0.05356653,466.0,-0.0389,-0.78,,ID_ROT-1779382573730
2026-05-22 01:57:26,AGT/USDT:USDT,진입,long,0.010538,4270.0,0,0,9,ID_1034974310
2026-05-22 02:00:34,HBAR/USDT:USDT,진입,long,0.08872,281.0,0,0,5,ID_16229222133
2026-05-22 02:02:42,OG/USDT:USDT,청산(로테이션),short,3.16666156,15.8,-0.1843,-1.85,,ID_ROT-1779382961339
2026-05-22 02:11:43,SUPER/USDT:USDT,진입,long,0.1159,388.0,0,0,9,ID_3173222255
2026-05-22 02:27:33,AIOT/USDT:USDT,진입,long,0.07272,344.0,0,0,5,ID_1474825499
2026-05-22 02:32:57,CVX/USDT:USDT,청산(로테이션),long,1.679,14.8,-0.0888,-3.56,,ID_ROT-1779384776045
2026-05-22 02:34:42,TRADOOR/USDT:USDT,진입,long,0.617075,72.0,0,0,9,ID_871121505
2026-05-22 02:39:05,MTL/USDT:USDT,진입,long,0.2958,84.0,0,0,5,ID_6488546633
2026-05-22 02:39:25,ENJ/USDT:USDT,진입,long,0.04411,566.0,0,0,5,ID_12230397154
2026-05-22 03:27:29,AGT/USDT:USDT,청산(로테이션),long,0.01051375,4270.0,-0.1035,-1.15,,ID_ROT-1779388047953
2026-05-22 03:55:01,SUPER/USDT:USDT,청산(로테이션),long,0.11510224,388.0,-0.3095,-6.88,,ID_ROT-1779389699829
2026-05-22 04:13:15,GUA/USDT:USDT,진입,short,1.2013,20.0,0,0,5,ID_443904936
2026-05-22 04:14:46,STBL/USDT:USDT,진입,long,0.03512,711.0,0,0,5,ID_1243147391
2026-05-22 04:21:26,CGPT/USDT:USDT,진입,long,0.02629,950.0,0,0,5,ID_1351731802
2026-05-22 04:22:12,BIO/USDT:USDT,진입,long,0.03579,698.0,0,0,5,ID_4601902199
2026-05-22 04:23:20,CLO/USDT:USDT,진입,short,0.0652643,382.0,0,0,5,ID_890077655
2026-05-22 04:25:28,SCR/USDT:USDT,진입,long,0.0467944,1069.0,0,0,10,ID_1374013508
2026-05-22 04:27:28,ENJ/USDT:USDT,청산(로테이션),long,0.04386114,566.0,-0.1409,-2.82,,ID_ROT-1779391646408
2026-05-22 04:28:22,BILL/USDT:USDT,진입,long,0.0743449,336.0,0,0,5,ID_524651151
2026-05-22 04:39:26,DIA/USDT:USDT,진입,long,0.1853,134.0,0,0,5,ID_1282401012
2026-05-22 04:46:12,1000LUNC/USDT:USDT,진입,long,0.07827,319.0,0,0,5,ID_9004352277
2026-05-22 06:07:51,BTC/USDT:USDT,진입,long,67000.0,0.037313,0,0,5,ID_MOCK-000001
2026-05-22 06:07:52,SOL/USDT:USDT,진입,short,170.0,0.147059,0,0,5,ID_MOCK-000001
2026-05-22 06:07:53,BTC/USDT:USDT,진입,long,67000.0,0.037313,0,0,5,ID_MOCK-000001
2026-05-22 06:07:53,BTC/USDT:USDT,진입,short,67000.0,0.037313,0,0,5,ID_MOCK-000001
2026-05-22 06:07:53,DOGE/USDT:USDT,청산(로테이션),long,0.13,100.0,-2.0,-66.67,5,ID_ROT-1779397673777
2026-05-22 06:08:37,BTC/USDT:USDT,진입,long,67000.0,0.037313,0,0,5,ID_MOCK-000001
2026-05-22 06:08:39,BTC/USDT:USDT,진입,long,67000.0,0.037313,0,0,5,ID_MOCK-000001
2026-05-22 06:08:39,BTC/USDT:USDT,진입,short,67000.0,0.037313,0,0,5,ID_MOCK-000001
2026-05-22 06:08:39,DOGE/USDT:USDT,청산(로테이션),long,0.13,100.0,-2.0,-66.67,5,ID_ROT-1779397719314
2026-05-22 06:10:02,BTC/USDT:USDT,진입,long,67000.0,0.037313,0,0,5,ID_MOCK-000001
2026-05-22 06:10:04,BTC/USDT:USDT,진입,long,67000.0,0.037313,0,0,5,ID_MOCK-000001
2026-05-22 06:10:04,BTC/USDT:USDT,진입,short,67000.0,0.037313,0,0,5,ID_MOCK-000001
2026-05-22 06:10:04,DOGE/USDT:USDT,청산(로테이션),long,0.13,100.0,-2.0,-66.67,5,ID_ROT-1779397804325
2026-05-22 06:10:25,BTC/USDT:USDT,진입,long,67000.0,0.037313,0,0,5,ID_MOCK-000001
2026-05-22 06:10:26,ETH/USDT:USDT,진입,long,3800.0,0.065789,0,0,5,ID_MOCK-000001
2026-05-22 06:10:26,SOL/USDT:USDT,진입,long,170.0,0.147059,0,0,5,ID_MOCK-000002
2026-05-22 06:10:28,BTC/USDT:USDT,진입,long,67000.0,0.037313,0,0,5,ID_MOCK-000001
2026-05-22 06:10:28,BTC/USDT:USDT,진입,short,67000.0,0.037313,0,0,5,ID_MOCK-000001
2026-05-22 06:10:28,DOGE/USDT:USDT,청산(로테이션),long,0.13,100.0,-2.0,-66.67,5,ID_ROT-1779397828105
2026-05-22 06:21:33,BIO/USDT:USDT,청산(로테이션),long,0.0355953,698.0,-0.1359,-2.72,,ID_ROT-1779398491862
2026-05-22 06:21:45,OGN/USDT:USDT,진입,short,0.02285,1093.0,0,0,5,ID_7264808776
2026-05-22 06:23:20,M/USDT:USDT,진입,long,2.8052,8.0,0,0,5,ID_1747355498
2026-05-22 06:25:10,CLO/USDT:USDT,청산(로테이션),short,0.06537,382.0,-0.0404,-1.62,,ID_ROT-1779398709269
2026-05-22 08:36:16,CLANKER/USDT:USDT,진입,short,23.61,2.11,0,0,10,ID_247017611
2026-05-22 08:37:58,APE/USDT:USDT,진입,short,0.1443,173.0,0,0,5,ID_20547464731
2026-05-22 08:38:20,EDGE/USDT:USDT,진입,long,1.5269,16.0,0,0,5,ID_459712713
2026-05-22 08:38:52,CLANKER/USDT:USDT,진입,short,23.55,1.9,0,0,9,ID_247018828
2026-05-22 08:39:42,THE/USDT:USDT,진입,short,0.0941,265.6,0,0,5,ID_1900068786
2026-05-22 08:42:19,XNY/USDT:USDT,진입,long,0.0068358,6583.0,0,0,9,ID_1048578693
2026-05-22 08:53:06,RIVER/USDT:USDT,진입,short,6.77,3.6,0,0,5,ID_5853524878
2026-05-22 11:35:22,1000CHEEMS/USDT:USDT,진입,short,0.0007305,34312.0,0,0,5,ID_1377897956
2026-05-22 11:35:35,1000RATS/USDT:USDT,진입,long,0.0348306,717.0,0,0,5,ID_4955710013
2026-05-22 11:40:11,APE/USDT:USDT,청산(로테이션),short,0.14460863,173.0,-0.0534,-1.07,,ID_ROT-1779417609742
2026-05-22 11:41:00,BTCDOM/USDT:USDT,진입,long,5550.3,0.004,0,0,5,ID_4207594929
2026-05-22 11:42:03,EDU/USDT:USDT,진입,short,0.04594,544.0,0,0,5,ID_3421060860
2026-05-22 11:42:04,KNC/USDT:USDT,진입,long,0.1493,167.0,0,0,5,ID_9954967614
2026-05-22 11:44:23,CLANKER/USDT:USDT,청산(로테이션),short,23.61,4.01,-0.114,-0.6,,ID_ROT-1779417862103
2026-05-22 11:44:37,ORCA/USDT:USDT,진입,short,1.432,17.4,0,0,5,ID_1939826134
2026-05-22 11:47:46,EDGE/USDT:USDT,진입,short,1.4396,34.0,0,0,10,ID_461385013
2026-05-22 11:48:29,MON/USDT:USDT,진입,short,0.02856,875.0,0,0,5,ID_855648961
2026-05-22 13:07:53,LIGHT/USDT:USDT,진입,long,0.1378,181.0,0,0,5,ID_1873217808
2026-05-22 13:14:12,EDU/USDT:USDT,청산(로테이션),short,0.04603507,544.0,-0.0517,-1.03,,ID_ROT-1779423250313
2026-05-22 13:14:57,XAI/USDT:USDT,진입,long,0.01054,2371.0,0,0,5,ID_3848630245
2026-05-22 13:19:52,MON/USDT:USDT,청산(로테이션),short,0.02868,875.0,-0.105,-4.2,,ID_ROT-1779423590444
2026-05-22 13:20:18,1000RATS/USDT:USDT,진입,short,0.03449,724.0,0,0,5,ID_4955739924
2026-05-22 14:16:19,BTC/USDT:USDT,진입,long,67000.0,0.037313,0,0,5,ID_MOCK-000001
2026-05-22 14:16:21,BTC/USDT:USDT,진입,long,67000.0,0.037313,0,0,5,ID_MOCK-000001
2026-05-22 14:16:21,BTC/USDT:USDT,진입,short,67000.0,0.037313,0,0,5,ID_MOCK-000001
2026-05-22 14:16:21,DOGE/USDT:USDT,청산(로테이션),long,0.13,100.0,-2.0,-66.67,5,ID_ROT-1779426981927
2026-05-22 14:29:33,BTC/USDT:USDT,진입,long,67000.0,0.037313,0,0,5,ID_MOCK-000001
2026-05-22 14:29:35,BTC/USDT:USDT,진입,long,67000.0,0.037313,0,0,5,ID_MOCK-000001
2026-05-22 14:29:35,BTC/USDT:USDT,진입,short,67000.0,0.037313,0,0,5,ID_MOCK-000001
2026-05-22 14:29:35,DOGE/USDT:USDT,청산(로테이션),long,0.13,100.0,-2.0,-66.67,5,ID_ROT-1779427775616
2026-05-22 14:30:20,BTC/USDT:USDT,진입,long,67000.0,0.037313,0,0,5,ID_MOCK-000001
2026-05-22 14:30:20,DOGE/USDT:USDT,진입,long,0.15,1.666667,0,0,5,ID_MOCK-000001
2026-05-22 14:30:22,BTC/USDT:USDT,진입,long,67000.0,0.037313,0,0,5,ID_MOCK-000001
2026-05-22 14:30:22,BTC/USDT:USDT,진입,short,67000.0,0.037313,0,0,5,ID_MOCK-000001
2026-05-22 14:30:22,DOGE/USDT:USDT,청산(로테이션),long,0.13,100.0,-2.0,-66.67,5,ID_ROT-1779427822711
2026-05-22 14:31:59,BTC/USDT:USDT,진입,long,67000.0,0.037313,0,0,5,ID_MOCK-000001
2026-05-22 15:25:05,FIDA/USDT:USDT,진입,long,0.04372,574.0,0,0,5,ID_1806172118
2026-05-22 15:43:59,BNB/USDT:USDT,진입,short,656.61,0.03,0,0,5,ID_90527893703
2026-05-22 15:44:06,TON/USDT:USDT,진입,short,2.0025,12.4,0,0,5,ID_8997799701
2026-05-22 15:45:28,ICP/USDT:USDT,진입,short,2.651,9.0,0,0,5,ID_6947947940
2026-05-22 15:44:30,KNC/USDT:USDT,청산,sell,0.1486,167.0,-0.1169,-2.36,5,ID_9955042843
2026-05-22 15:44:32,BTCDOM/USDT:USDT,청산,sell,5565.7,0.004,0.0616,1.38,5,ID_4207659437
2026-05-22 15:47:16,ZEC/USDT:USDT,진입,long,655.83,0.038,0,0,5,ID_800450550229
2026-05-22 15:47:34,XMR/USDT:USDT,진입,long,388.35,0.064,0,0,5,ID_14830475051
2026-05-22 12:20:03,1000RATS/USDT:USDT,청산,sell,0.03446,284.0,-0.1052,-5.38,5,ID_4955720674
2026-05-22 15:52:40,ICP/USDT:USDT,청산,buy,2.678,9.0,-0.243,-5.04,5,ID_6947975827
2026-05-22 15:53:43,BEAT/USDT:USDT,진입,long,0.774,32.0,0,0,5,ID_3171591648
2026-05-22 16:04:18,1000PEPE/USDT:USDT,진입,short,0.0037735,6626.0,0,0,5,ID_59270942824
2026-05-22 16:04:17,BEAT/USDT:USDT,청산,sell,0.7663,11.0,-0.0847,-5.02,5,ID_3171689023
2026-05-22 16:07:41,SOL/USDT:USDT,진입,short,86.51,0.28,0,0,5,ID_215623516412
2026-05-22 16:07:30,ZEC/USDT:USDT,청산,sell,649.0,0.038,-0.2595,-5.26,5,ID_800451251998
2026-05-22 16:41:31,PAXG/USDT:USDT,진입,short,4513.45,0.005,0,0,5,ID_5270371774
2026-05-22 16:41:32,PAXG/USDT:USDT,진입,short,4513.45,0.005,0,0,5,ID_5270371822
2026-05-22 16:41:39,B/USDT:USDT,진입,short,0.276,90.0,0,0,5,ID_1081267176
2026-05-22 16:41:46,XMR/USDT:USDT,진입,long,388.21391,0.064,0,0,5,ID_14830782947
2026-05-16 08:40:32,BNB/USDT:USDT,청산,sell,672.22,0.04,-0.1308,-2.43,5,ID_90248880677
2026-05-22 16:41:05,SOL/USDT:USDT,청산,buy,87.08,0.28,-0.1596,-3.27,5,ID_215628537375
2026-05-22 16:41:04,1000PEPE/USDT:USDT,청산,buy,0.003809,6626.0,-0.2379,-4.71,5,ID_59271650729
2026-05-22 16:41:01,XMR/USDT:USDT,청산,sell,388.85,0.015,0.0075,0.64,5,ID_14830772613
2026-05-22 16:41:00,TON/USDT:USDT,청산,buy,2.0112,12.4,-0.1079,-2.16,5,ID_8998430712
2026-05-22 16:41:04,1000PEPE/USDT:USDT,청산,buy,0.003809,6626.0,-0.2379,-4.71,5,ID_59271650729
2026-05-22 16:41:05,SOL/USDT:USDT,청산,buy,87.08,0.28,-0.1596,-3.27,5,ID_215628537375
2026-05-22 16:41:04,1000PEPE/USDT:USDT,청산,buy,0.003809,6626.0,-0.2379,-4.71,5,ID_59271650729
2026-05-16 08:40:32,BNB/USDT:USDT,청산,sell,672.22,0.04,-0.1308,-2.43,5,ID_90248880677
2026-05-22 16:41:05,SOL/USDT:USDT,청산,buy,87.08,0.28,-0.1596,-3.27,5,ID_215628537375
2026-05-22 16:41:00,TON/USDT:USDT,청산,buy,2.0112,12.4,-0.1079,-2.16,5,ID_8998430712
2026-05-16 08:40:32,BNB/USDT:USDT,청산,sell,672.22,0.04,-0.1308,-2.43,5,ID_90248880677
2026-05-22 16:41:00,TON/USDT:USDT,청산,buy,2.0112,12.4,-0.1079,-2.16,5,ID_8998430712
2026-05-22 16:43:41,BEAT/USDT:USDT,진입,long,0.7767,32.0,0,0,5,ID_3172025666
2026-05-22 16:04:17,BEAT/USDT:USDT,청산,sell,0.7663,21.0,-0.1617,-5.02,5,ID_3171689023
2026-05-22 16:04:17,BEAT/USDT:USDT,청산,sell,0.7663,21.0,-0.1617,-5.02,5,ID_3171689023
2026-05-22 16:45:40,ARB/USDT:USDT,진입,short,0.1137,219.8,0,0,5,ID_15674229266
2026-05-22 16:04:17,BEAT/USDT:USDT,청산,sell,0.7663,21.0,-0.1617,-5.02,5,ID_3171689023
2026-05-22 16:46:24,SUI/USDT:USDT,진입,short,1.1046,22.6,0,0,5,ID_39124309342
2026-05-22 16:51:00,BTC/USDT:USDT,진입,long,67000.0,0.037313,0,0,5,ID_MOCK-000001
2026-05-22 17:08:43,BTC/USDT:USDT,진입,long,67000.0,0.037313,0,0,5,ID_MOCK-000001
